Codigo,Producto,Marca,UN,Cant,Caja,Costo Unit,Total
RC-80F-4,CAPACITOR 80MFD X 440VAC,A.R. COMPONENTS,UN,4,1,6.23 ,24.92 
RC-70F-4,CAPACITOR 70MFD X 440VAC,A.R. COMPONENTS,UN,1,1,5.8,5.80 
RC-60F-4,CAPACITOR 60MFD X 440VAC,LIBERTY,UN,1,1,5.17,5.17 
RC-55F-4,CAPACITOR 55MFD X 450VAC,ANETO,UN,3,1,3.89,11.67 
RC-50F-4,CAPACITOR 50MFD X 450VAC,ANETO,UN,6,1,3.79,22.74 
RC-45F-4,CAPACITOR 45MFD X 450VAC,ANETO,UN,4,1,3.55,14.20 
RC-45F-4,CAPACITOR 45MFD X 450VAC,RGC,UN,1,1,3.55,3.55 
RC-40F-4,CAPACITOR 40MFD X 450VAC,ANETO,UN,3,1,3.24,9.72 
RC-40F-4,CAPACITOR 40MFD X 450VAC,RGC,UN,1,1,3.24,3.24 
RC-35F-4,CAPACITOR 35MFD X 450VAC,ANETO,UN,2,1,3.03,6.06 
RC-30F-4,CAPACITOR 30MFD X 450VAC,ANETO,UN,4,1,3,10.96 
RC-25F-4,CAPACITOR 25MFD X 440VAC,RGC,UN,2,1,2.86,5.72 
RC-25F,CAPACITOR 25MFD X 370VAC,A.R. COMPONENTS,UN,5,1,3.05,15.25 
RC-15F,CAPACITOR 15MFD X 370VAC,A.R. COMPONENTS,UN,2,1,3.34,6.68 
RC-12.5F,CAPACITOR 12.5MFD X 370VAC,RGC,UN,1,1,2.51,2.51 
RC-10F,CAPACITOR 10MFD X 370VAC,A.R. COMPONENTS,UN,3,1,2.64,7.92 
RC-7.5F,CAPACITOR 7.5MFD X 370VAC,A.R. COMPONENTS,UN,2,1,2.51,5.02 
RC-5F,CAPACITOR 5MFD X 370VAC,RGC,UN,1,1,1.75,1.75 
RC-60+5,CAPACITOR 60+5MFD X 370VAC,A.R. COMPONENTS,UN,2,1,5.76,11.52 
RC-55+5,CAPACITOR 55+5MFD X 440VAC,ROTEC,UN,2,1,5.47,10.94 
RC-55+5,CAPACITOR 55+5MFD X 370VAC,A.R. COMPONENTS,UN,2,1,5.47,10.94 
RC-50+5,CAPACITOR 50+5MFD X 370/440VAC,MAXWELL,UN,2,1,5.17,10.34 
RC-50+5,CAPACITOR 45+5MFD X 370VAC,A.R. COMPONENTS,UN,2,1,4.95,9.90 
RC-40+5,CAPACITOR 40+5MFD X 370/440VAC,ROTEC,UN,2,1,4.82,9.64 
RC-250-70M,CAPACITOR 70MFD X 250VAC,A.R. COMPONENTS,UN,2,1,5.52,11.04 
RC-250-60M,CAPACITOR 60MFD X 250VAC,ROTEC,UN,2,1,6.03,12.06 
RC-250-50M,CAPACITOR 50MFD X 250VAC,ROTEC,UN,1,1,4.98,4.98 
RC-250-45M,CAPACITOR 45MFD X 250VAC,MAXWELL,UN,2,1,3.4,6.80 
RC-250-40M,CAPACITOR 40MFD X 250VAC,VENE US,UN,2,1,4.98,9.96 
RC-250-30M,CAPACITOR 30MFD X 250VAC,ROTEC,UN,2,1,2.73,5.46 
RC-250-25M,CAPACITOR 25MFD X 250VAC,MAXWELL,UN,2,1,2.4,4.80 
RC-250-22M,CAPACITOR 22MFD X 250VAC,MAXWELL,UN,1,1,2.81,2.81 
RC-250-22M,CAPACITOR 22MFD X 250VAC,A.R. COMPONENTS,UN,1,1,2.81,2.81 
RC-250-20M,CAPACITOR 20MFD X 250VAC,MAXWELL,UN,2,1,2.12,4.24 
RC-250-16M,CAPACITOR 16MFD X 250VAC,MAXWELL,UN,2,1,2.12,4.24 
RC-220-5,CAPACITOR 540-648UF,MAXWELL,UN,2,1,8.11,16.22 
RC-220-4,CAPACITOR 400-480UF,MAXWELL,UN,2,1,6.14,12.28 
RC-220-4,CAPACITOR 404-480UFD X 250VAC,A.R. COMPONENTS,UN,1,1,6.14,6.14 
RC-110-3,CAPACITOR 404-480MFD X 110VAC,A.R. COMPONENTS,UN,2,1,4.89,9.78 
RC-220-3,CAPACITOR 270-324UF,MAXWELL,UN,2,1,4.93,9.86 
RC-220-2,CAPACITOR 189-227MFD X 220VAC,A.R. COMPONENTS,UN,2,1,4.48,8.96 
RC-220-1,CAPACITOR 145-174MFD X 220VAC,A.R. COMPONENTS,UN,2,1,3.91,7.82 
RC-110-5,CAPACITOR 590-708MFD X 110VAC,A.R. COMPONENTS,UN,3,1,6.19,18.57 
RC-110-4,CAPACITOR 430-516MFD X 110VAC,A.R. COMPONENTS,UN,2,1,5.32,10.64 
RC-110-0,CAPACITOR 145-174MFD X 110VAC,A.R. COMPONENTS,UN,2,1,3.37,6.74 
RC-110-1,CAPACITOR 189-227UF 110VAC,ROTEC,UN,2,1,3.85,7.70 
RC-110-1,CAPACITOR 189-227UF X110VAC,MAXWELL,UN,1,1,3.85,3.85 
RC-110-2,CAPACITOR 270-324MFD X 110/125VAC,LANDSFOSS,UN,2,1,5.3,10.60 
RC-MO-95,CAPACITOR DE HORNO MICROONDAS 0.95,ROTEC,UN,2,1,5.27,10.54 
RC-MO-85,CAPACITOR DE HORNO MICROONDAS 0.85,ROTEC,UN,2,1,5.09,10.18 
RC-MO-76,CAPACITOR DE HORNO MICROONDAS 0.76,ROTEC,UN,2,1,4.88,9.76 
RFR-164,FILTRO ROSCABLE 164 ROSCA 1/2 - 5TON,A.R. COMPONENTS,UN,1,1,10.68,10.68 
RFR-164,FILTRO ROSCABLE 164 ROSCA 1/2 - 5TON,ANETO,UN,1,1,10.68,10.68 
RFR-163,FILTRO ROSCABLE 163 ROSCA 3/8 - 5TON,ANETO,UN,2,1,10.17,20.34 
RFR-163,FILTRO ROSCABLE 163 ROSCA 3/8 - 5TON,EVERWELL,UN,1,1,10.17,10.17 
RSK-6,STAR KIT - 6 AACC 220V500%,EVERWELL,UN,1,1,6.81,6.81 
RSK-6,STAR KIT - 6 AACC 220V500%,ANETO,UN,2,1,6.81,13.62 
RSK-5,STAR KIT - 5 AACC 220V300%,ANETO,UN,2,1,5.17,10.34 
RTM-D,TERMOMETRO DIGITAL,A.R. COMPONENTS,UN,1,1,6.68,6.68 
R-KIT-410,KIT 3 EN 1 DE ARRANQUE 1/3 - 1/4,MAXWELL,UN,1,1,11.14,11.14 
RRN-1,RELOJ DE NEVERA 6X21,RGC,UN,1,1,6.71,6.71 
RRN-6,RELOJ DE NEVERA 6X40,A.R. COMPONENTS,UN,1,1,7.79,7.79 
RRN-8,RELOJ DE NEVERA 6X40 TIPO HAIER,A.R. COMPONENTS,UN,1,1,7.58,7.58 
RRN-4,RELOJ DE NEVERA 10X35,RGC,UN,2,1,7.48,14.96 
RRN-4,RELOJ DE NEVERA 10X21,A.R. COMPONENTS,UN,1,1,7.48,7.48 
RRN-2,RELOJ DE NEVERA 8X20,LIBERTY,UN,1,1,7.09,7.09 
ROD-16,RELE TERMICO DOBLE 1/6 HP 110V,A.R. COMPONENTS,UN,1,1,3.27,3.27 
ROD-18,RELE TERMICO DOBLE 1/8 HP 110V,ARTICCO,UN,1,1,3.27,3.27 
ROD-14,RELE TERMICO DOBLE 1/4 HP 110V,A.R. COMPONENTS,UN,2,1,3.27,6.54 
ROD-13,RELE TERMICO DOBLE 1/3 HP 110V,A.R. COMPONENTS,UN,1,1,3.27,3.27 
RRB-1,"RELOJ DE BAJA MULTIPLE F12,22,502",A.R. COMPONENTS,UN,1,1,6.03,6.03 
RRA-1,"RELOJ DE ALTA MULTIPLE F12,22,502",A.R. COMPONENTS,UN,2,1,5.45,10.90 
RT-59,TERMOSTATO NEVERA 2 PUERTAS ,A.R. COMPONENTS,UN,3,1,5.17,15.51 
RT-17,TERMOSTATO CONGELADOR DE 1 A 3 TAPAS,A.R. COMPONENTS,UN,2,1,5.19,10.38 
RT-26,TERMOSTATO CONSERVADOR MULTIPLE,A.R. COMPONENTS,UN,1,1,4.07,4.07 
RT-2000,TERMOSTATO F2000,TERMOSTAT,UN,2,1,7.72,15.44 
RT-25,TERMOSTATO ENFRIADOR DE 1 A 3 TAPAS,LIBERTY,UN,1,1,4.07,4.07 
RT-08,TERMOSTATO TH008,LIBERTY,UN,1,1,5.84,5.84 
RSBA-1,SELLO DE BOMBA DE AGUA 1/2,MECHANICAL SEAL,UN,14,1,0.74,10.36 
LRS-5,SELECTOR DE CAMBIO,EVERWELL,UN,1,1,2.62,2.62 
RCONT-1,CONECTOR DE 1/4 A 5/16 PARA R-410,A.R. COMPONENTS,UN,1,1,2.81,2.81 
RVCM-3,VALVULA DE CARGA DE 3/8,A.R. COMPONENTS,UN,1,1,8.5,8.50 
RVCM-5,VALVULA DE CARGA DE 5/8,A.R. COMPONENTS,UN,1,1,13.65,13.65 
RTA-13,TERMICO AMERICOLD 1/3 HP 110V,A.R. COMPONENTS,UN,6,2,1.02,6.12 
RTA-14,TERMICO AMERICOLD 1/4 HP 110V,A.R. COMPONENTS,UN,9,2,1.02,9.18 
RTA-16,TERMICO AMERICOLD 1/6 HP 110V,A.R. COMPONENTS,UN,20,2,1.02,20.40 
RTA-18,TERMICO AMERICOLD 1/8 HP 110V,A.R. COMPONENTS,UN,13,2,1.02,13.26 
RTA-15,TERMICO AMERICOLD 1/5 HP 110V,A.R. COMPONENTS,UN,10,2,1.02,10.20 
RT-16,TERMICO 1/6 HP 110V,A.R. COMPONENTS,UN,3,2,1.3,3.90 
RT-12,TERMICO 1/2 HP 110V,A.R. COMPONENTS,UN,11,2,1.3,14.30 
RT-14,TERMICO 1/4 HP 110V,A.R. COMPONENTS,UN,8,2,1.23,9.84 
RT-13,TERMICO 1/3 HP 110V,A.R. COMPONENTS,UN,9,2,0.89,8.01 
RT-180,TERMICO 18000 BTU 220V,A.R. COMPONENTS,UN,8,2,1.28,10.24 
RT-120,TERMICO 12000 BTU 220V,A.R. COMPONENTS,UN,14,2,1.28,17.92 
RT-1-120,TERMICO 12000 BTU 110V,A.R. COMPONENTS,UN,12,2,1.28,15.36 
RT-1-100,TERMICO 10.000BTU 110V,A.R. COMPONENTS,UN,1,2,1.28,1.28 
RR-12,RELE DE NEVERA 1/2HP,A.R. COMPONENTS,UN,1,2,1.95,1.95 
RC-1M,CAPACITADOR 1MFD X 450V,A.R. COMPONENTS,UN,4,2,0.56,2.24 
RC-1.5M,CAPACITADOR 1.5MFD X 450V,A.R. COMPONENTS,UN,3,2,0.56,1.68 
RC-2M,CAPACITADOR 2MFD X 450V,A.R. COMPONENTS,UN,4,2,0.61,2.44 
RC-2.5M,CAPACITADOR 2.5MFD X 450V,A.R. COMPONENTS,UN,4,2,0.65,2.60 
RC-3M,CAPACITADOR 3MFD X 450V,A.R. COMPONENTS,UN,6,2,0.69,4.14 
RC-3.5M,CAPACITADOR 3.5MFD X 450V,A.R. COMPONENTS,UN,5,2,0.74,3.70 
RC-4M,CAPACITADOR 4MFD X 450V,A.R. COMPONENTS,UN,5,2,0.67,3.35 
RC-4.5M,CAPACITADOR 4.5MFD X 450V,A.R. COMPONENTS,UN,5,2,0.78,3.90 
RC-5M,CAPACITADOR 5MFD X 450V,A.R. COMPONENTS,UN,5,2,0.84,4.20 
RC-6M,CAPACITADOR 6MFD X 450V,A.R. COMPONENTS,UN,4,2,0.93,3.72 
RC-7M,CAPACITADOR 7MFD X 450V,A.R. COMPONENTS,UN,4,2,1.12,4.48 
RC-8M,CAPACITADOR 8MFD X 450V,A.R. COMPONENTS,UN,5,2,1.28,6.40 
RC-10M,CAPACITADOR 10MFD X 450V,A.R. COMPONENTS,UN,6,2,1.32,7.92 
RC-12M,CAPACITADOR 12MFD X 450V,A.R. COMPONENTS,UN,2,2,1.36,2.72 
RC-12.5M,CAPACITADOR 12.5MFD X 450V,A.R. COMPONENTS,UN,2,2,1.36,2.72 
N/A,TEFLON,N/A,UN,11,2,0.36,3.96 
RR-U,RELE UNIVERSAL,ANETO,UN,9,2,1.08,9.72 
RFR-32,FILTRO ROSCABLE 032 ROSCA 1/4 - 1TON,ANETO,UN,1,BL1,6.03,6.03 
RTA-15,TERMICO AMERICOLD 1/5 HP 110V,ANETO,UN,8,BL1,1.02,8.16 
RVRT-6,VALVULA RESTRINTORA 60000 BTU,N/A,UN,3,2,2.25,6.75 
RVRT-4,VALVULA RESTRINTORA 36000 BTU,N/A,UN,3,2,2.21,6.63 
RVRT-2,VALVULA RESTRINTORA 18000 BTU,N/A,UN,3,2,2.25,6.75 
RVRT-5,VALVULA RESTRINTORA 48000 BTU,N/A,UN,6,2,2.25,13.50 
RVRT-3,VALVULA RESTRINTORA 24000 BTU,N/A,UN,5,2,1.73,8.65 
RVRT-1,VALVULA RESTRINTORA 12000 BTU,N/A,UN,12,2,2.25,27.00 
N/A,BOCINAS DE VENTILADOR,N/A,UN,82,2,0.3,24.60 
RTR-14,TUERCA 1/4 PARA FILTROS,ANETO,UN,5,2,0.63,3.15 
RTR-58,TUERCA 5/8 PARA FILTROS,ANETO,UN,2,2,2.12,4.24 
RTR-34,TUERCA 3/4 PARA FILTROS,ANETO,UN,5,2,3.05,15.25 
RTR-12,TUERCA 1/2 PARA FILTROS,ANETO,UN,6,2,1.3,7.80 
RCD-78,CODO 90GRADOS 7/8,ANETO,UN,3,2,1.72,5.16 
RCD-58,CODO 90GRADOS 5/8,ANETO,UN,3,2,1.23,3.69 
RCD-34,CODO 90GRADOS 3/4,ANETO,UN,5,2,1.02,5.10 
RCD-12,CODO 90GRADOS 1/2,ANETO,UN,7,2,0.89,6.23 
RCD-38,CODO 90GRADOS 3/8,ANETO,UN,7,2,0.74,5.18 
RCD-14,CODO 90GRADOS 1/4,ANETO,UN,5,2,0.54,2.70 
RAN-14,ANILLO DE UNION SOLDABLE 1/4,ANETO,UN,5,2,0.43,2.15 
RAN-38,ANILLO DE UNION SOLDABLE 3/8,ANETO,UN,7,2,0.56,3.92 
RAN-12,ANILLO DE UNION SOLDABLE 1/2,ANETO,UN,8,2,0.76,6.08 
RAN-58,ANILLO DE UNION SOLDABLE 5/8,ANETO,UN,3,2,0.95,2.85 
RAN-34,ANILLO DE UNION SOLDABLE 3/4,ANETO,UN,8,2,1.25,10.00 
RAN-78,ANILLO DE UNION SOLDABLE 7/8,ANETO,UN,5,2,1.9,9.50 
RTRASM-10,TRANSMISION DE LAVADORA TIPO DAKA,ELECTROLUX,UN,1,BL1,7.35,7.35 
RTRASM-9,TRANSMISION DE LAVADORA TIPO BIO PLUS,A.R. COMPONENTS,UN,1,BL1,7.35,7.35 
RTRASM-8,TRANSMISION DE LAVADORA TIPO GOLDI,A.R. COMPONENTS,UN,2,BL1,7,13.84 
RTRASM-7,TRANSMISION DE LAVADORA TIPO MABE,A.R. COMPONENTS,UN,1,BL1,9.78,9.78 
RTRASM-6,TRANSMISION DE LAVADORA HAIER,ELECTROLUX,UN,1,BL1,7.14,7.14 
RTRASM-4,TRANSMISION DE LAVADORA 11 DIENTES,ELECTROLUX,UN,1,BL1,6.88,6.88 
RTRASM-3,TRANSMISION DE LAVADORA TIPO A,ELECTROLUX,UN,1,BL1,7.14,7.14 
RTRASM-2,TRANSMISION DE LAVADORA REGINA,ELECTROLUX,UN,1,BL1,7.14,7.14 
RTRASM-1,TRANSMISION DE LAVADORA TIPO ,A.R. COMPONENTS,UN,1,BL1,7.14,7.14 
RC-303,CONTACTOR 3X30X220V,A.R. COMPONENTS,UN,2,BL1,14.6,29.20 
RB-302,CONTACTOR 2X30X110V,A.R. COMPONENTS,UN,1,BL1,10.36,10.36 
RB-402,CONTACTOR 2X40X110V,A.R. COMPONENTS,UN,1,BL1,11.01,11.01 
RC-402,CONTACTOR 2X40X220V,RGC,UN,1,BL1,9.32,9.32 
RVPT-1,VALVULA PINCHA TUBO 1/4 A 3/8,LIBERTY,UN,2,BL1,4.07,8.14 
RA-603,CONTACTOR 3X60X24,TRADE PRO,UN,1,BL1,40.88,40.88 
XA.YY.561,BOMBA DE AGUA DE LAVADORA ,N/A,UN,2,BL1,,0.00 
N/A,PRESOSTATO PARA HIDRONEUMATICO,GRIVEN,UN,1,BL1,,0.00 
RVS-1,VALVULA DE SERVICIO,ANETO,UN,9,BL1,0.82,7.38 
RFS-10,FILTRO SOLDABLE 1/4 10G,ANETO,UN,9,BL1,1.86,16.74 
RFS-15,FILTRO SOLDABLE 1/4 15G,ANETO,UN,17,BL1,2.6,44.20 
RFS-25,FILTRO SOLDABLE 1/4 25G,ANETO,UN,6,BL1,2.49,14.94 
RFS-3,FILTRO DE 3 SALIDAS SOLDABLE,ANETO,UN,2,BL1,0.76,1.52 
RTEP-1,TEIPE COBRA COLORES,COBRA,UN,41,3,1.2,49.20 
RLVD-6,RELOJ PARA LAVADORA DOBLE O MULTIPLE,ROTEC,UN,2,3,5.27,10.54 
RLVD-5,RELOJ PARA LAVADORA 3 CABLES,PRECISION,UN,1,3,5.56,5.56 
TIM-6INC,RELOJ PARA LAVADORA 6 CABLES BASE CURVA,ROTEC,UN,1,3,4.01,4.01 
OOOTIM-6,RELOJ PARA LAVADORA 6 CABLES BASE NORMAL,ROTEC,UN,1,3,4.01,4.01 
TIM-5PU,RELOJ PARA LAVADORA 5 CABLES CON PUENTE,ROTEC,UN,1,3,4.01,4.01 
RLVD-2,RELOJ PARA LAVADORA 7 CABLES BASE CURVA,ROTEC,UN,1,3,4.01,4.01 
R-CARB-1,CARBONES PARA LICUADORA TIPO OSTER,A.R. COMPONENTS,UN,3,3,1.75,5.25 
RLVD-4,RELOJ DE SECADORA 2 CABLES,ROTEC,UN,2,3,1.66,3.32 
DIELE-01,DIELECTRICO 1L ,ANETO,UN,3,6,6.71,20.13 
N/A,LIMPIADOR DE AACC,COVO,UN,2,6,3.53,7.06 
N/A,ELIMINADOR DE HUMEDAD Y GRASA,FLOW,UN,1,6,2,2.00 
N/A,COMPRESOR OIL R134A PARA COMPRESORES DE NEVERA,RBV,UN,1,6,2,2.00 
N/A,H-S PARA COMPRESORES HERMETICOS Y SEMI HERMETICOS,RBV,UN,2,6,2,4.00 
N/A,LIMPIADOR DE CONTACTO,COVO,UN,2,6,2.4,4.80 
N/A,PASTA PARA SOLDAR FLUX-4,EVERWELL,UN,1,6,2,2.00 
RMDA-1,MANGUERA PARA DESAGUE,A.R. COMPONENTS,UN,1,6,2.94,2.94 
R-MLT-1,"MANGUERA PARA DESAGUE 20,5CM",A.R. COMPONENTS,UN,1,6,3.37,3.37 
RT-1,TERMOSTATO SENSOR MINI SPLIT 9 A 10 OMNIOS,A.R. COMPONENTS,UN,9,3,1.19,10.71 
RT-2,TERMOSTATO SENSOR MINI SPLIT 5 A 8 OMNIOS,A.R. COMPONENTS,UN,3,3,1.12,3.36 
RT-3,TERMOSTATO SENSOR MINI SPLIT 13 A 15 OMNIOS,A.R. COMPONENTS,UN,5,3,1.77,8.85 
RP-250,PRESOSTATO DE CABLE TIPO CHUPON DE ALTA R22,A.R. COMPONENTS,UN,1,3,8.18,8.18 
RR-068,RETARDADOR DE AACC GRADUABLE DE 1 A 10 MIN,A.R. COMPONENTS,UN,2,3,5.45,10.90 
STARJ-0235,TARJETA PARA MINI SPLIT UNIVERSAL,ANETO,UN,1,3,17,17.00 
N/A,TARJETA PARA MINI SPLIT 24000 BTU,N/A,UN,3,3,15,45.00 
R-PTAU-1,PROTECTOR DE NEVERA 110V CABLE A CABLE,A.R. COMPONENTS,UN,1,3,20.61,20.61 
R-ESTÑ-1,SOLDADURA DE ESTAÑO 145MT,A.R. COMPONENTS,UN,1,3,0.5,0.50 
N/A,SOLDADURA DE ESTAÑO 100G 1MM,DIESEL TOOLS,UN,2,3,2.12,4.24 
RVD-1,VOLTIAMPERIMETRO DIGITAL,A.R. COMPONENTS,UN,1,3,16.05,16.05 
RCR-2,CONTROL REMOTO UNIVERSAL PARA AACC,A.R. COMPONENTS,UN,1,6,5.95,5.95 
K-1028E,CONTROL REMOTO UNIVERSAL ,NVTC,UN,4,6,3.2,12.80 
R-ASB-1,ASPA PARA BOMBA 1/2 HP,A.R. COMPONENTS,UN,2,6,0.84,1.68 
RPS-1,PICO DE SOLDAR FIJO,EVERWELL,UN,1,6,25.96,25.96 
BA-2,"BIMETALICO ASIATICO 3 CABLES ROJO, NARANJA Y MARRON",A.R. COMPONENTS,UN,3,6,2.66,7.98 
RBK-45,BIMETALICO PARA NEVERAS KOREANAS L-45,MAXWELL,UN,3,6,2.86,8.58 
RBK-50,BIMETALICO PARA NEVERAS KOREANAS L-50,ANETO,UN,2,6,2.86,5.72 
RBK-55,BIMETALICO PARA NEVERAS KOREANAS L-55,MAXWELL,UN,1,6,2.86,2.86 
RBK-60,BIMETALICO PARA NEVERAS KOREANAS L-60,A.R. COMPONENTS,UN,3,6,2.86,8.58 
RBK-70,BIMETALICO PARA NEVERAS KOREANAS L-70,A.R. COMPONENTS,UN,3,6,2.86,8.58 
RAMF-3,ARMAFLEX 5/8 X 3/8,HUAMEIFLEX,UN,6,NA,1.77,10.62 
RRA-10,RESISTENCIA DE VIDRIO H-10,A.R. COMPONENTS,UN,2,NA,2.47,4.94 
RRA-16,RESISTENCIA DE VIDRIO H-16,A.R. COMPONENTS,UN,1,NA,3.1,3.10 
RR-261,RESISTENCIA DESCONGELACION HC-261,A.R. COMPONENTS,UN,1,NA,7.98,7.98 
RR-263,RESISTENCIA DESCONGELACION HC-263,A.R. COMPONENTS,UN,2,NA,8.48,16.96 
RR-264,RESISTENCIA DESCONGELACION HC-264,A.R. COMPONENTS,UN,1,NA,8.48,8.48 
N/A,GAS R404,FREEZE,UN,10,NA,146.92,1469.20 
N/A,RELE UNIVERSAL,N/A,UN,7,6,1.42,9.94 
A-648E,CORREA LAVADORA 648E,A.R. COMPONENTS,UN,1,BL2,1.28,1.28 
M-33E,CORREA LAVADORA 33E,A.R. COMPONENTS,UN,1,BL2,1.28,1.28 
RCLV-700E,CORREA LAVADORA 700E,A.R. COMPONENTS,UN,2,BL2,1.28,2.56 
M-30.5,"CORREA LAVADORA 30,5E",A.R. COMPONENTS,UN,1,BL2,1.3,1.30 
RCLV-20.5E,"CORREA LAVADORA 20,5E",A.R. COMPONENTS,UN,2,BL2,1.32,2.64 
R-CLV-19E,CORREA LAVADORA 19E,A.R. COMPONENTS,UN,3,BL2,1.28,3.84 
A-745,CORREA LAVADORA 748E,A.R. COMPONENTS,UN,3,BL2,1.28,3.84 
M-29E,CORREA LAVADORA 29E,A.R. COMPONENTS,UN,3,BL2,1.28,3.84 
M-22E,CORREA LAVADORA 22E,A.R. COMPONENTS,UN,1,BL2,1.28,1.28 
RCLV-23E,CORREA LAVADORA 23E,A.R. COMPONENTS,UN,1,BL2,1.17,1.17 
M-27,CORREA LAVADORA 27E,A.R. COMPONENTS,UN,1,BL2,1.38,1.38 
M-32E,CORREA LAVADORA 32E,A.R. COMPONENTS,UN,2,BL2,1.28,2.56 
R-CLV-0-480,CORREA LAVADORA 480E,A.R. COMPONENTS,UN,1,BL2,1.21,1.21 
M-21E,CORREA LAVADORA 21E,A.R. COMPONENTS,UN,1,BL2,1.28,1.28 
M-25,CORREA LAVADORA 25E,A.R. COMPONENTS,UN,1,BL2,1.32,1.32 
A-680,CORREA LAVADORA 680E,A.R. COMPONENTS,UN,2,BL2,1.28,2.56 
A-670E,CORREA LAVADORA 670E,A.R. COMPONENTS,UN,2,BL2,1.28,2.56 
A-690E,CORREA LAVADORA 690E,A.R. COMPONENTS,UN,2,BL2,1.28,2.56 
R-CSC-2-113CM,CORREA SECADORA113E,A.R. COMPONENTS,UN,2,BL2,9.32,18.64 
R-CSC-2-110CM,CORREA SECADORA 110E,A.R. COMPONENTS,UN,1,BL2,9.32,9.32 
R-CLV-2026,CORREA LAVADORA 2026E,A.R. COMPONENTS,UN,1,BL2,1.77,1.77 
R-CLV-30E,CORREA LAVADORA 30E,A.R. COMPONENTS,UN,1,BL2,1.86,1.86 
R-EMOP-1,JUNTA DE SILICON OLLA DE PRESION TIPO EKCO Y ZENIT,A.R. COMPONENTS,UN,1,BL2,4.54,4.54 
RBOY-4,BOYA PARA LAVADORA ,A.R. COMPONENTS,UN,3,BL2,1.86,5.58 
R-CLOS-1,CUCHILLA OSTER,ROTEC,UN,2,BL2,5.09,10.18 
,TAPA LIC OSTER,,,2,BL2,3.42,6.84 
R-VLOT-P,VASO VIDRIO LICUADORA OSTER,OSTER,NA,1,,9.88,9.88 
,VASO LICUADORA PHILLIP,PHILLIP,UN,1,,7.2,7.20 
,VASO PLASTICO LIC ROSANT,ROSANT,UN,1,,7.2,7.20 
R-RLOT-1,ROSCA PARA VASO LIC OSTER,OSTER,UN,4,BL2,2.18,8.72 
POL-DA,POLEA PARA LAVADORA DAKA,ROTEC,UN,1,BL2,2.05,2.05 
POL-LG,POLEA PARA LAVADORA LG,ROTEC,UN,1,BL2,2.05,2.05 
RHORN-1,HORNILLA ESPIRAL COCINA ELECTRICA,,UN,2,BL2,4.26,8.52 
RC-LSM-1,CUCHILLA LIC MOD SAMURAI,SAMURAI,UN,1,BL2,4.82,4.82 
,EMPACADURAS DE CAFETERAS VARIAS,,UN,6,BL2,0.85,5.10 
RK-LOS-1,ACOPLE CUCHILLA PREMIER,PREMIER,UN,1,BL2,0.36,0.36 
,ASPA DE MICROMOTOR DE NEVERA,,UN,2,BL2,4.86,9.72 
M-317,MICROMOTOR DE SPLIT RPG28H,,UN,1,,10.21,10.21 
,MICROMOTOR CON ASPA DE NEVERA 3 PUERTAS,,UN,1,,12.46,12.46 
,ASPA DE VENTILADOR,,UN,4,3,3.67,14.68 
,SELLO TAPA LICUDORA OSTER,OSTER,UN,1,,0.74,0.74 
,ROSCA PARA VASOS DE LICUADORAS MULTIPLES,,UN,4,BL2,1.2,4.80 
RTMS-3,DISPLAY DE TARJETA PARA AIRE ACONDICIONADO,,UN,8,10,3.55,28.40 
,QUEMADORES DE COCINA MABE,,UN,20,10,4.2,84.00 
,REJILLA DE LAVAPLATO,,UN,2,10,2.1,4.20 
,PERILLA DE LAVADORA,,UN,2,10,0.36,0.72 
,PERILLAS NEGRAS,,UN,2,10,0.2,0.40 
,TIRRAP 4.6MM X 350MM,IG TUNING,UN,97,10,3,291.00 
,ABRAZADERA 1/2 8-12MM,Q7,UN,34,10,4,136.00 
,ABRAZADERA 3/4 13-19MM,Q7,UN,33,10,4,132.00 
,ABRAZADERA 1 16-25MM,Q7,UN,43,10,4,172.00 
,INTERRUPTORES DE PLASTICOS,,UN,18,10,0.2,3.60 
,GOMA PARA MANGUERAS HG-6 HOSE GASKET,EVERWELL,UN,2,10,2.2,4.40 
,ACOPLE BUJE LAVADORA,,UN,3,10,2.4,7.20 
,O RING CAJA TRANSPARENTE ,Q7,UN,1,10,3,3.00 
,O RING CAJA ROJA ,,UN,1,10,3,3.00 
,TERMOENCOGIBLES,,UN,1,BL4,3,3.00 
,VARILLAS DE SOLDAR 0% PLATA,,UN,36,10,0.63,22.68 
,VARILLA BRONCE,,UN,38,10,0.93,35.34 
,SILICON MEGAGREY,,UN,7,BL3,1.2,8.40 
,SILICON SHIMATAKA,,UN,6,BL3,1.2,7.20 
,PEGALOKA,Q7,UN,7,BL3,0.23,1.61 
,PEGALOKA,REAL GLUE,UN,3,BL3,0.23,0.69 
RTC-36,TUBO CAPILAR 0.036X0.087X100,A.R. COMPONENTS,UN,1,BL3,22.46,22.46 
RTC-31,TUBO CAPILAR 0.031X0.083X100,A.R. COMPONENTS,UN,1,BL3,14.11,14.11 
RTC-26,TUBO CAPILAR 0.026X0.07X100,A.R. COMPONENTS,UN,1,BL3,25.09,25.09 
,ROLINERA 6322,KOYO,UN,6,11,,0.00 
,ROLINERA 6322,AUTOASIA,UN,2,11,,0.00 
,ROLINERA 6328,KOYO,UN,2,11,,0.00 
,ROLINERA 6308 2RS,BTB,UN,1,11,,0.00 
,ROLINERA 6309 ZZ Z3,TOPROL,UN,3,11,,0.00 
,ROLINERA 6307 2RS,LVJ,UN,2,11,,0.00 
,ROLINERA 6306 ZZ,TOPROL,UN,3,11,,0.00 
,ROLINERA 6305 ZZ,TOPROL,UN,3,11,,0.00 
,ROLINERA 6305 ZZ,ISK,UN,2,11,,0.00 
,ROLINERA 6305 ZZ,LVJ,UN,1,11,,0.00 
,ROLINERA 6304 2RS,KOYO,UN,6,11,,0.00 
,ROLINERA 6304 ZZ,TOPROL,UN,1,11,,0.00 
,ROLINERA 6364 2RS,BTB,UN,3,11,,0.00 
,ROLINERA 6303 ZZ,TIMKEN,UN,14,11,,0.00 
,ROLINERA 6303 2RS C3,KRAFT,UN,1,11,,0.00 
,ROLINERA 6302,XINDA,UN,8,11,,0.00 
,ROLINERA 6301,XINDA,UN,4,11,,0.00 
,ROLINER 6300 2RS C3,TROPOL,UN,1,11,,0.00 
,ROLINERA SET 107,BTB,UN,1,11,,0.00 
,ROLINERA SET 45,BTB,UN,1,11,,0.00 
,ROLINERA 6209 2RS C3,TOPROL,UN,2,11,,0.00 
,ROLINER 6209 2RS ,BTB,UN,1,11,,0.00 
,ROLINERA 6207 2RS ,KOYO,UN,1,11,,0.00 
,ROLINERA 6207 2RS ,LVJ,UN,2,11,,0.00 
,ROLINERA 6010 2RS C3,KRAFT,UN,1,11,,0.00 
,ROLINERA 6206 2RS,ISK,UN,1,11,,0.00 
,ROLINERA 6007 ZZ,LVJ,UN,1,,,0.00 
,ROLINERA 6007 2RS,BTB,UN,2,,,0.00 
,ROLINERA 6006 ZZ,BTB,UN,2,11,2.94,5.88 
,ROLINERA 6006 2RS,LVJ,UN,1,11,2.94,2.94 
,ROLINERA 6205 2RS,LVJ,UN,3,11,,0.00 
,ROLINERA 6205 ,AUTOASIA,UN,4,11,7.07,28.28 
,ROLINERA 6005 2RS ,BTB,UN,2,11,7.07,14.14 
,ROLINERS 6204,AUTOASIA,UN,2,11,2.12,4.24 
,ROLINERA 6204 2RS,ISK,UN,2,11,2.12,4.24 
,ROLINERA 6203 ZZ CM,KOYO,UN,9,11,,0.00 
,ROLINERA 6202 CM ,KOYO,UN,1,11,,0.00 
,ROLINERA 6201 1/2 2RS,MAXWELL,UN,6,11,2.12,12.72 
,ROLINERA 6201 A/C - ZZ,ANETO,UN,1,11,1.38,1.38 
,ROLINERA 6200,XINDA,UN,7,11,1.08,7.56 
,ROLINERA 6201 RS 1/2,BROWN,UN,1,11,2.12,2.12 
,ROLINERA 6201 2RS,KRAFT,UN,1,11,1.38,1.38 
,ROLINERA 6004 ZZ,TOPROL,UN,1,11,2.12,2.12 
,ROLINERA 6003 ZZ,TOPROL,UN,2,11,,0.00 
,ROLINERA 6000 ZZ,TIMKEN,UN,1,11,,0.00 
,ROLINERA 6905 ,AUTOASIA,UN,4,11,,0.00 
,ROLINERA 6902,AUTOASIA,UN,1,11,,0.00 
,ROLINERA 627 2RS,LVJ,UN,6,11,,0.00 
,ROLINERA 608 ZZ,BAL,UN,7,11,0.69,4.83 
,ROLIENRA 608 ZZ,MAXWELL,UN,20,11,0.69,13.80 
,ROLINERA SET 8,BTB,UN,1,11,,0.00 
,ROLINERA TX200,KOYO,UN,1,11,,0.00 
,ROLINERA 6005 RS,TUBO,UN,3,11,,0.00 
,ROLINERA 6302 2RS,KOTO TUBO,UN,1,11,,0.00 
,ROLINERA 6202 Z,TUBO,UN,3,11,,0.00 
,ROLINERA 6203 2Z ITALY,BOLSA TUBO,UN,11,11,,0.00 
,ROLINERA 6002 2RS,TUBO,UN,10,11,,0.00 
,ROLINERA 6001 RRS,TUBO,UN,10,11,,0.00 
,ROLINERA 6200 RS,TUBO,UN,10,11,,0.00 
,ROLINERA 6004 RS,TUBO ,UN,10,11,,0.00 
,ROLINERA 609 RS,TUBO,UN,2,11,,0.00 
,ROLINERA 6000Z,TUBO,UN,3,11,1.43,4.29 
,ROLINERA 607 RS ,TUBO ,UN,4,11,0.63,2.52 
,CUERPO DE ROLINERA HK1512,TUBO,UN,5,11,,0.00 
RR-M-1,RELE ELECTRONICO UNIVERSAL 1/10HP - 1/2 HP,,UN,3,,2.21,6.63 
,PESO 100KG,,UN,1,BL4,12,12.00 
,MANGUERA DE GAS,,UN,2,BL4,2,4.00 
,LLAVE DE GAS AZUL Y ROJA,,UN,2,BL4,1.5,3.00 
,ACOPLE PLASTICO NEGROS Y GRIS DE LICUADORA,,UN,17,BL4,0.32,5.44 
R-COND-15,PARRILLA DE NEVERA,,UN,2,,16.87,33.74 
RCVD-1,JUEGO DE CABLES PARA VOLTI AMPERIMETRO,A.R. COMPONENTS,UN,1,BL4,2.55,2.55 
R-PTRM-1,PROTECTORES PARA RELOJES DE MANOMETROS,A.R. COMPONENTS,UN,1,BL4,1.43,1.43 
,SOLDADURA EN FRIO,SQUBA GUM,UN,6,12,1,6.00 
,SOLDADURA EN FRIO PEGA TANKE,PEGATAMKE,UN,7,12,1,7.00 
RC-58,CORTA TUBO,ANETO,UN,1,,3.24,3.24 
,KIT DE ACOPLE OSTER,LACASADELACUCHILLA,UN,1,,0.4,0.40 
,PIN LICUADORA,,UN,12,,2.64,31.68 
,PLATILLO ACOPLE LICUADORA OSTER,,UN,3,,0.89,2.67 
,TORNILLOS DECORATIVOS ,,PAR,2,,0.3,0.60 
,TUBO 3/8,,UN,1,,7,7.00 
,TUBO 1/4,,UN,1,,5,5.00 
ACEITES,,,,,,,
,ACEITE TC-W3 FUERA DE BORDA,BRAVA,UN,25,9,6,150.00 
,ACEITE 85W140 TOP GEAR EP,LUBRICO,UN,1,9,6,6.00 
,ACEITE TC-W3 2T TITAN MOTO,LUBRICO,UN,1,9,6,6.00 
,ACEITE SAE 20W-50 SL MULTIGRADO,MAXILUB,UN,1,9,7,7.00 
,ACEITE SAE 20W-50 SL MINERAL,AMAZONIA,UN,1,12,7,7.00 
,ACEITE DEXRON III H TRANSMISION AUTOMATICA,AMAZONIA,UN,1,12,6,6.00 
,ACEITE TC-W3 2T,ULTRA OIL,UN,4,12,4,16.00 
,ACEITE SAE 20W50 SL,RHINO,,4,12,4,16.00 
,ACITE 2T,ULTRA MOTOS,,11,12,5.5,60.50 
,ACEITE 85W140 PREMIUM MULTI-PURPOSE,MOBIL,,3,12,6,18.00 
,ULTRA FLUSHING LIMPIEZA INTERNA DEL MOTOR,ULTRALUB,,2,12,2,4.00 
,,,,,,,5075.01 
